mode,n_envs,per_agent_sps,agg_sps,vram_gb,runs
physics,64,113.51556643332864,7264.996251733033,0.0,"[6910, 7265, 7757]"
physics,256,87.09782413674657,22297.04297900712,0.0,"[22063, 22297, 23977]"
physics,1024,76.94269445933871,78789.31912636284,0.0,"[78388, 78789, 86806]"
physics,2048,72.7101238286401,148910.33360105494,0.01,"[143918, 148910, 159500]"
physics,4096,60.62306219076454,248312.06273337157,0.02,"[247406, 248312, 257025]"
physics,8192,38.47590514007476,315194.6149074924,0.03,"[313884, 315195, 315476]"
